{"mean":{"confidence_interval":{"confidence_level":0.95,"lower_bound":2.752892203607218,"upper_bound":2.830028649057136},"point_estimate":2.791052635055371,"standard_error":0.019570940118244708},"median":{"confidence_interval":{"confidence_level":0.95,"lower_bound":2.7060547831075685,"upper_bound":2.8013934704193484},"point_estimate":2.7598027837684684,"standard_error":0.024062560553748523}}