{"mean":{"confidence_interval":{"confidence_level":0.95,"lower_bound":-0.834609106312273,"upper_bound":-0.8306314916718667},"point_estimate":-0.8327154906060399,"standard_error":0.0010155934504111376},"median":{"confidence_interval":{"confidence_level":0.95,"lower_bound":-0.8350651895537983,"upper_bound":-0.8308626419813742},"point_estimate":-0.8330439103953733,"standard_error":0.0010527980937139528}}